account,kyc_risk,region
A0001,low,中部
A0002,medium,南部
A0003,high,東部
A0004,medium,南部
A0005,medium,東部
A0006,low,北部
A0007,medium,中部
A0008,medium,南部
A0010,high,北部
A0012,medium,中部
A0013,low,北部
A0014,low,北部
A0015,low,北部
A0016,low,中部
A0017,medium,北部
A0018,low,東部
A0019,low,中部
A0020,low,中部
A0021,low,南部
A0022,low,東部
A0023,low,南部
A0024,medium,南部
A0025,low,北部
A0026,low,南部
A0027,low,中部
A0028,low,南部
A0029,low,北部
A0030,low,中部
A0031,low,中部
A0032,low,中部
A0033,high,中部
A0034,low,中部
A0035,medium,中部
A0036,low,北部
A0037,medium,中部
A0038,low,北部
A0039,low,東部
A0040,low,東部
A0041,high,東部
A0042,high,北部
A0043,low,東部
A0044,medium,北部
A0045,high,南部
A0046,low,中部
A0047,medium,南部
A0048,medium,北部
A0049,low,東部
A0050,low,南部
A0051,medium,南部
A0052,low,東部
A0053,low,南部
A0054,low,中部
A0055,low,北部
A0056,low,東部
A0057,low,南部
A0058,high,東部
A0059,low,東部
A0060,low,中部
A0061,low,中部
A0062,low,中部
A0063,medium,東部
A0064,low,中部
A0065,low,東部
A0066,medium,南部
A0067,low,南部
A0068,high,東部
A0069,medium,東部
A0071,high,東部
A0072,medium,南部
A0073,high,北部
A0074,low,東部
A0075,medium,南部
A0076,high,東部
A0077,medium,北部
A0078,low,北部
A0079,high,北部
A0080,medium,東部
A0081,low,北部
A0083,medium,北部
A0084,low,東部
A0085,low,東部
A0086,low,南部
A0087,low,東部
A0088,low,南部
A0089,low,南部
A0090,medium,南部
A0091,low,南部
A0093,medium,中部
A0094,low,北部
A0095,medium,南部
A0096,low,東部
A0097,medium,東部
A0098,medium,北部
A0099,medium,中部
A0100,low,東部
A0101,high,中部
A0102,low,南部
A0103,low,南部
A0104,low,北部
A0105,low,東部
A0106,medium,中部
A0107,medium,南部
A0108,low,北部
A0109,medium,東部
A0110,medium,南部
A0111,low,中部
A0112,high,北部
A0113,low,中部
A0114,low,北部
A0115,low,東部
A0116,low,南部
A0117,low,南部
A0118,low,北部
A0119,medium,南部
A0120,low,中部
A0121,medium,中部
A0122,low,北部
A0123,medium,中部
A0124,low,北部
A0125,low,北部
A0126,low,中部
A0127,low,中部
A0128,low,北部
A0129,medium,南部
A0130,medium,南部
A0131,medium,東部
A0132,low,東部
A0135,medium,東部
A0136,medium,北部
A0137,medium,南部
A0138,low,中部
A0139,medium,南部
A0140,medium,南部
A0141,high,南部
A0142,low,中部
A0143,high,中部
A0144,low,中部
A0145,low,南部
A0146,low,東部
A0147,low,南部
A0148,high,南部
A0149,medium,中部
A0150,medium,中部
A0151,high,東部
A0152,medium,中部
A0153,medium,北部
A0154,high,中部
A0155,low,北部
A0156,high,北部
A0157,medium,東部
A0158,low,中部
A0159,medium,北部
A0160,high,東部
A0161,low,東部
A0162,low,北部
A0163,low,中部
A0164,medium,北部
A0165,high,北部
A0166,low,南部
A0167,low,東部
A0168,low,中部
A0169,low,南部
A0170,medium,中部
A0171,low,南部
A0172,high,東部
A0173,low,東部
A0174,high,南部
A0175,high,南部
A0176,high,北部
A0177,medium,東部
A0178,high,北部
A0179,low,東部
A0180,low,北部
A0181,high,中部
A0182,low,北部
A0183,low,中部
A0184,low,中部
A0185,low,中部
A0186,low,北部
A0187,low,南部
A0188,low,南部
A0189,medium,北部
A0190,low,北部
A0191,high,東部
A0192,low,中部
A0193,low,北部
A0194,low,南部
A0195,low,南部
A0196,low,中部
A0198,medium,北部
A0199,medium,南部
A0200,low,北部
A0201,high,中部
A0202,low,中部
A0204,low,東部
A0205,medium,南部
A0206,low,中部
A0207,low,中部
A0208,low,南部
A0209,medium,南部
A0210,low,東部
A0211,medium,東部
A0212,medium,北部
A0213,low,南部
A0214,medium,中部
A0215,medium,中部
A0216,low,中部
A0217,medium,中部
A0218,low,南部
A0219,medium,中部
A0220,high,南部
A0221,high,東部
A0222,medium,南部
A0223,medium,北部
A0224,medium,東部
A0225,medium,東部
A0226,low,東部
A0227,medium,中部
A0228,low,東部
A0229,low,北部
A0230,low,東部
A0231,medium,南部
A0232,medium,東部
A0233,high,南部
A0234,low,中部
A0235,medium,東部
A0236,medium,中部
A0237,low,東部
A0238,medium,北部
A0239,low,北部
A0240,high,南部
A0241,medium,北部
A0242,low,中部
A0243,low,東部
A0244,low,中部
A0245,low,北部
A0246,low,南部
A0247,medium,南部
A0248,low,南部
A0249,high,南部
A0250,medium,東部
A0251,low,東部
A0252,low,東部
A0253,low,中部
A0254,low,南部
A0255,low,東部
A0256,medium,東部
A0257,medium,北部
A0258,low,北部
A0259,low,中部
A0260,low,南部
A0261,low,中部
A0262,low,中部
A0263,medium,中部
A0264,low,南部
A0265,medium,中部
A0266,medium,南部
A0267,low,東部
A0268,high,中部
A0269,high,南部
A0270,high,北部
A0271,low,東部
A0272,high,中部
A0273,low,東部
A0274,medium,東部
A0275,low,中部
A0276,medium,北部
A0277,low,南部
A0278,medium,中部
A0279,low,北部
A0280,medium,東部
A0281,low,東部
A0282,low,北部
A0283,low,中部
A0284,medium,東部
A0285,medium,北部
A0286,low,東部
A0287,medium,東部
A0288,high,南部
A0289,low,北部
A0290,low,北部
A0291,low,東部
A0292,low,中部
A0293,medium,東部
A0294,low,北部
A0295,high,南部
A0296,low,中部
A0297,high,北部
A0298,low,東部
A0299,low,中部
A0300,high,東部
A0301,medium,南部
A0302,low,南部
A0303,low,東部
A0304,medium,中部
A0305,high,南部
A0306,low,中部
A0307,medium,東部
A0308,high,北部
A0309,medium,南部
A0310,medium,東部
A0311,medium,東部
A0312,medium,南部
A0313,medium,南部
A0314,low,北部
A0315,high,東部
A0316,low,南部
A0317,high,東部
A0318,low,中部
A0319,low,中部
A0320,medium,中部
A0321,medium,南部
A0322,low,南部
A0323,low,中部
A0324,low,南部
A0325,low,東部
A0326,low,北部
A0327,medium,東部
A0328,low,中部
A0329,medium,東部
A0330,medium,東部
A0331,low,南部
A0332,high,中部
A0333,low,北部
A0334,medium,中部
A0335,low,中部
A0336,low,中部
A0337,low,東部
A0338,low,南部
A0339,low,北部
A0340,medium,東部
A0342,high,中部
A0343,medium,中部
A0344,medium,中部
A0345,low,南部
A0346,low,北部
A0349,medium,東部
A0351,low,南部
A0352,low,東部
A0353,high,東部
A0354,medium,中部
A0355,low,中部
A0356,low,北部
A0357,medium,北部
A0358,low,北部
A0359,low,北部
A0360,medium,東部
A0361,low,東部
A0362,low,東部
A0363,medium,中部
A0364,medium,南部
A0365,high,南部
A0366,low,中部
A0367,medium,北部
A0368,low,東部
A0369,low,南部
A0370,medium,南部
A0371,high,北部
A0372,medium,南部
A0373,low,北部
A0374,low,東部
A0375,low,中部
A0376,low,東部
A0377,medium,東部
A0378,medium,中部
A0379,medium,北部
A0380,high,北部
A0381,low,南部
A0382,low,中部
A0383,low,南部
A0384,low,中部
A0385,low,中部
A0386,low,北部
A0387,low,中部
A0389,low,南部
A0390,low,中部
A0391,medium,東部
A0392,medium,北部
A0393,high,中部
A0394,low,北部
A0395,high,中部
A0396,medium,北部
A0398,low,中部
A0399,medium,北部
A0400,low,南部
A0402,low,北部
A0403,low,南部
A0404,low,東部
A0405,low,東部
A0406,low,南部
A0407,medium,南部
A0408,medium,中部
A0409,medium,中部
A0410,medium,東部
A0411,high,北部
A0412,medium,北部
A0413,low,南部
A0414,medium,北部
A0415,low,東部
A0416,medium,南部
A0417,low,北部
A0418,high,東部
A0419,high,中部
A0420,medium,東部
A0421,medium,北部
A0422,low,中部
A0423,low,北部
A0424,high,北部
A0425,low,南部
A0426,low,中部
A0428,medium,北部
A0429,medium,中部
A0430,high,北部
A0431,medium,北部
A0432,low,北部
A0433,low,中部
A0434,medium,中部
A0435,medium,南部
A0436,low,中部
A0437,low,南部
A0438,low,中部
A0439,low,東部
A0440,low,東部
A0442,low,東部
A0443,low,中部
A0444,medium,北部
A0445,low,北部
A0446,high,東部
A0447,low,東部
A0448,high,南部
A0449,low,中部
A0450,low,北部
A0451,medium,南部
A0452,medium,北部
A0453,medium,東部
A0454,medium,北部
A0455,low,南部
A0456,low,北部
A0457,low,南部
A0458,medium,東部
A0459,low,南部
A0460,low,北部
A0461,high,北部
A0462,medium,南部
A0463,low,北部
A0464,low,南部
A0465,low,北部
A0466,medium,中部
A0467,medium,中部
A0468,low,南部
A0469,high,南部
A0470,low,中部
A0472,low,南部
A0474,low,東部
A0475,medium,北部
A0476,low,東部
A0477,low,北部
A0478,low,北部
A0479,medium,東部
A0480,medium,東部
A0481,medium,中部
A0482,low,南部
A0483,medium,南部
A0484,medium,南部
A0485,low,中部
A0486,low,北部
A0487,low,東部
A0488,low,東部
A0489,low,南部
A0490,low,南部
A0491,low,北部
A0492,low,南部
A0493,high,北部
A0494,low,中部
A0495,low,南部
A0496,medium,中部
A0497,medium,北部
A0498,medium,南部
A0499,medium,北部
A0500,medium,中部
A0501,high,中部
A0502,medium,南部
A0503,low,東部
A0505,medium,南部
A0506,high,北部
A0508,low,中部
A0509,medium,東部
A0510,low,北部
A0511,medium,東部
A0512,low,南部
A0513,medium,南部
A0514,low,東部
A0515,medium,東部
A0516,medium,中部
A0517,medium,南部
A0518,low,南部
A0520,medium,中部
A0521,medium,東部
A0522,medium,中部
A0523,low,南部
A0524,medium,南部
A0525,low,南部
A0526,medium,中部
A0527,high,北部
A0528,low,中部
A0529,low,南部
A0530,high,北部
A0531,low,中部
A0532,medium,北部
A0533,high,北部
A0534,medium,南部
A0535,high,南部
A0536,low,北部
A0537,low,南部
A0538,medium,中部
A0539,medium,東部
A0540,low,南部
A0541,low,東部
A0542,medium,中部
A0543,low,中部
A0544,medium,中部
A0545,low,北部
A0546,high,中部
A0547,low,東部
A0548,high,中部
A0549,medium,中部
A0550,high,南部
A0551,medium,南部
A0552,medium,北部
A0553,high,南部
A0554,low,東部
A0555,low,中部
A0556,low,北部
A0557,low,北部
A0558,medium,中部
A0559,medium,中部
A0560,medium,南部
A0561,medium,東部
A0562,medium,東部
A0563,low,東部
A0564,medium,東部
A0565,low,北部
A0566,medium,南部
A0567,medium,南部
A0568,low,東部
A0569,medium,東部
A0570,medium,中部
A0571,high,南部
A0572,low,北部
A0573,low,北部
A0574,medium,北部
A0575,low,東部
A0576,medium,南部
A0577,medium,南部
A0578,high,北部
A0579,medium,北部
A0580,medium,中部
A0581,high,北部
A0582,low,北部
A0583,low,東部
A0584,medium,南部
A0585,low,南部
A0586,low,中部
A0587,medium,北部
A0588,medium,中部
A0589,low,北部
A0590,low,中部
A0591,low,中部
A0592,medium,東部
A0593,medium,南部
A0594,medium,東部
A0595,low,北部
A0596,medium,東部
A0597,medium,南部
A0598,medium,南部
A0599,low,東部
A0600,medium,東部
A0601,medium,南部
A0602,medium,東部
A0603,low,南部
A0604,medium,東部
A0605,medium,中部
A0606,medium,中部
A0607,medium,東部
A0608,medium,北部
A0609,high,北部
A0610,medium,南部
A0611,medium,東部
A0612,medium,北部
A0613,low,中部
A0614,low,中部
A0615,low,中部
A0616,medium,南部
A0617,high,南部
A0618,medium,北部
A0619,medium,北部
A0620,low,北部
A0621,low,北部
A0622,low,南部
A0623,low,東部
A0624,low,北部
A0625,high,東部
A0626,low,南部
A0627,low,北部
A0628,medium,中部
A0629,low,東部
A0630,medium,東部
A0631,low,中部
A0632,low,北部
A0633,low,北部
A0634,low,北部
A0635,low,北部
A0636,low,北部
A0637,high,中部
A0638,high,南部
A0640,medium,南部
A0641,medium,南部
A0642,low,南部
A0643,low,東部
A0644,medium,北部
A0645,medium,南部
A0646,low,北部
A0647,low,南部
A0648,low,南部
A0649,medium,北部
A0650,low,北部
A0651,low,東部
A0654,low,南部
A0655,low,東部
A0656,low,東部
A0657,low,南部
A0658,high,北部
A0659,low,北部
A0660,medium,北部
A0661,high,南部
A0662,low,東部
A0663,high,東部
A0664,medium,南部
A0665,medium,中部
A0666,medium,東部
A0667,medium,東部
A0668,low,東部
A0669,medium,南部
A0670,high,東部
A0671,medium,中部
A0673,medium,南部
A0674,high,中部
A0675,low,東部
A0676,high,東部
A0677,low,東部
A0678,high,北部
A0679,low,東部
A0680,low,中部
A0681,low,中部
A0682,medium,東部
A0683,medium,南部
A0684,low,中部
A0685,medium,南部
A0687,high,南部
A0688,medium,南部
A0689,low,中部
A0690,high,南部
A0691,medium,南部
A0692,low,中部
A0693,high,北部
A0694,medium,東部
A0695,medium,北部
A0697,low,南部
A0698,low,東部
A0699,medium,北部
A0700,medium,北部
A0701,medium,東部
A0702,low,南部
A0703,low,北部
A0704,high,南部
A0705,medium,東部
A0706,low,北部
A0707,medium,南部
A0708,low,東部
A0709,medium,東部
A0710,medium,南部
A0711,high,中部
A0712,high,南部
A0713,medium,南部
A0714,medium,東部
A0715,low,中部
A0716,low,南部
A0717,medium,北部
A0718,low,北部
A0719,high,南部
A0720,medium,南部
A0721,low,東部
A0722,low,北部
A0723,high,東部
A0725,low,北部
A0726,low,中部
A0727,high,中部
A0728,low,東部
A0729,medium,中部
A0730,low,東部
A0731,medium,南部
A0732,low,中部
A0733,low,北部
A0734,medium,北部
A0735,low,東部
A0736,medium,南部
A0737,medium,北部
A0738,medium,北部
A0739,low,南部
A0740,medium,南部
A0741,medium,南部
A0742,low,北部
A0743,low,南部
A0744,medium,東部
A0745,low,南部
A0746,low,中部
A0748,high,南部
A0749,low,東部
A0750,medium,中部
A0751,low,北部
A0752,medium,中部
A0753,low,中部
A0754,low,南部
A0755,medium,中部
A0756,low,中部
A0757,low,北部
A0758,low,中部
A0759,medium,南部
A0760,medium,南部
A0761,medium,北部
A0762,low,中部
A0763,medium,東部
A0764,low,中部
A0765,low,東部
A0768,medium,中部
A0769,low,南部
A0770,low,東部
A0772,high,北部
A0773,medium,東部
A0774,medium,北部
A0775,medium,南部
A0776,medium,中部
A0777,medium,南部
A0778,medium,南部
A0779,high,南部
A0780,high,中部
A0781,low,中部
A0782,low,北部
A0783,low,東部
A0784,low,南部
A0785,low,東部
A0786,low,中部
A0787,low,東部
A0788,medium,南部
A0789,medium,東部
A0790,medium,東部
A0791,low,北部
A0792,low,中部
A0793,low,北部
A0794,low,中部
A0796,medium,東部
A0797,low,北部
A0798,medium,北部
A0799,low,南部
A0800,medium,東部
