complaint_id,label
C00000,other
C00001,other
C00002,unauthorized
C00003,other
C00004,other
C00005,other
C00006,other
C00007,unauthorized
C00008,other
C00009,other
C00010,other
C00011,other
C00012,other
C00013,other
C00014,other
C00015,other
C00016,other
C00017,other
C00018,other
C00019,other
C00020,other
C00021,unauthorized
C00022,other
C00023,other
C00024,other
C00025,other
C00026,other
C00027,other
C00028,other
C00029,other
C00030,unauthorized
C00031,unauthorized
C00032,other
C00033,other
C00034,unauthorized
C00035,other
C00036,other
C00037,other
C00038,other
C00039,other
C00040,unauthorized
C00041,other
C00042,other
C00043,other
C00044,other
C00045,unauthorized
C00046,other
C00047,other
C00048,other
C00049,other
C00050,other
C00051,unauthorized
C00052,unauthorized
C00053,other
C00054,unauthorized
C00055,other
C00056,unauthorized
C00057,other
C00058,other
C00059,other
C00060,other
C00061,other
C00062,other
C00063,other
C00064,unauthorized
C00065,other
C00066,other
C00067,other
C00068,other
C00069,other
C00070,unauthorized
C00071,other
C00072,other
C00073,other
C00074,other
C00075,other
C00076,other
C00077,unauthorized
C00078,other
C00079,other
C00080,other
C00081,other
C00082,other
C00083,other
C00084,other
C00085,other
C00086,other
C00087,unauthorized
C00088,other
C00089,other
C00090,other
C00091,other
C00092,other
C00093,unauthorized
C00094,other
C00095,unauthorized
C00096,other
C00097,other
C00098,other
C00099,other
C00100,other
C00101,unauthorized
C00102,other
C00103,other
C00104,other
C00105,other
C00106,other
C00107,unauthorized
C00108,other
C00109,unauthorized
C00110,unauthorized
C00111,other
C00112,other
C00113,other
C00114,other
C00115,unauthorized
C00116,other
C00117,other
C00118,other
C00119,other
C00120,unauthorized
C00121,other
C00122,other
C00123,other
C00124,unauthorized
C00125,other
C00126,unauthorized
C00127,unauthorized
C00128,unauthorized
C00129,unauthorized
C00130,other
C00131,other
C00132,other
C00133,other
C00134,other
C00135,unauthorized
C00136,other
C00137,other
C00138,unauthorized
C00139,other
C00140,other
C00141,other
C00142,unauthorized
C00143,other
C00144,other
C00145,unauthorized
C00146,other
C00147,other
C00148,other
C00149,other
C00150,other
C00151,other
C00152,unauthorized
C00153,unauthorized
C00154,other
C00155,other
C00156,other
C00157,other
C00158,other
C00159,other
C00160,other
C00161,unauthorized
C00162,other
C00163,other
C00164,unauthorized
C00165,other
C00166,other
C00167,other
C00168,other
C00169,unauthorized
C00170,other
C00171,unauthorized
C00172,other
C00173,other
C00174,other
C00175,other
C00176,other
C00177,other
C00178,unauthorized
C00179,unauthorized
C00180,other
C00181,other
C00182,other
C00183,unauthorized
C00184,other
C00185,other
C00186,other
C00187,other
C00188,other
C00189,other
C00190,other
C00191,other
C00192,other
C00193,other
C00194,unauthorized
C00195,unauthorized
C00196,other
C00197,other
C00198,other
C00199,other
C00200,other
C00201,unauthorized
C00202,other
C00203,other
C00204,other
C00205,other
C00206,other
C00207,unauthorized
C00208,other
C00209,other
C00210,other
C00211,other
C00212,other
C00213,other
C00214,other
C00215,other
C00216,other
C00217,other
C00218,other
C00219,other
C00220,other
C00221,other
C00222,other
C00223,other
C00224,unauthorized
C00225,other
C00226,other
C00227,other
C00228,unauthorized
C00229,other
C00230,other
C00231,other
C00232,other
C00233,other
C00234,other
C00235,other
C00236,other
C00237,unauthorized
C00238,other
C00239,unauthorized
C00240,other
C00241,other
C00242,other
C00243,other
C00244,other
C00245,unauthorized
C00246,unauthorized
C00247,other
C00248,other
C00249,other
C00250,other
C00251,other
C00252,other
C00253,other
C00254,unauthorized
C00255,unauthorized
C00256,other
C00257,other
C00258,other
C00259,other
C00260,unauthorized
C00261,other
C00262,other
C00263,unauthorized
C00264,other
C00265,other
C00266,other
C00267,other
C00268,other
C00269,other
C00270,other
C00271,other
C00272,unauthorized
C00273,other
C00274,unauthorized
C00275,other
C00276,unauthorized
C00277,other
C00278,other
C00279,other
C00280,unauthorized
C00281,other
C00282,other
C00283,other
C00284,other
C00285,other
C00286,other
C00287,unauthorized
C00288,other
C00289,other
C00290,other
C00291,unauthorized
C00292,unauthorized
C00293,other
C00294,unauthorized
C00295,unauthorized
C00296,other
C00297,other
C00298,unauthorized
C00299,unauthorized
C00300,other
C00301,unauthorized
C00302,other
C00303,other
C00304,other
C00305,other
C00306,other
C00307,unauthorized
C00308,other
C00309,unauthorized
C00310,other
C00311,other
C00312,other
C00313,other
C00314,other
C00315,unauthorized
C00316,other
C00317,other
C00318,unauthorized
C00319,other
C00320,unauthorized
C00321,other
C00322,other
C00323,unauthorized
C00324,other
C00325,other
C00326,other
C00327,other
C00328,other
C00329,other
C00330,other
C00331,other
C00332,unauthorized
C00333,unauthorized
C00334,other
C00335,other
C00336,other
C00337,other
C00338,unauthorized
C00339,other
C00340,other
C00341,other
C00342,other
C00343,unauthorized
C00344,unauthorized
C00345,unauthorized
C00346,other
C00347,unauthorized
C00348,other
C00349,other
C00350,other
C00351,other
C00352,unauthorized
C00353,unauthorized
C00354,other
C00355,other
C00356,other
C00357,other
C00358,unauthorized
C00359,other
C00360,other
C00361,other
C00362,other
C00363,other
C00364,other
C00365,other
C00366,other
C00367,unauthorized
C00368,other
C00369,unauthorized
C00370,other
C00371,other
C00372,other
C00373,other
C00374,other
C00375,other
C00376,other
C00377,unauthorized
C00378,other
C00379,other
C00380,other
C00381,other
C00382,other
C00383,other
C00384,other
C00385,other
C00386,other
C00387,unauthorized
C00388,unauthorized
C00389,other
C00390,unauthorized
C00391,unauthorized
C00392,other
C00393,unauthorized
C00394,unauthorized
C00395,other
C00396,unauthorized
C00397,unauthorized
C00398,unauthorized
C00399,other
C00400,other
C00401,unauthorized
C00402,other
C00403,other
C00404,other
C00405,other
C00406,other
C00407,other
C00408,other
C00409,other
C00410,other
C00411,other
C00412,unauthorized
C00413,other
C00414,other
C00415,other
C00416,other
C00417,other
C00418,other
C00419,other
C00420,other
C00421,other
C00422,other
C00423,other
C00424,unauthorized
C00425,other
C00426,other
C00427,other
C00428,unauthorized
C00429,unauthorized
C00430,unauthorized
C00431,other
C00432,unauthorized
C00433,other
C00434,other
C00435,other
C00436,other
C00437,other
C00438,other
C00439,other
C00440,unauthorized
C00441,unauthorized
C00442,other
C00443,other
C00444,unauthorized
C00445,unauthorized
C00446,other
C00447,other
C00448,unauthorized
C00449,other
C00450,other
C00451,unauthorized
C00452,other
C00453,unauthorized
C00454,other
C00455,other
C00456,other
C00457,other
C00458,unauthorized
C00459,other
C00460,other
C00461,other
C00462,other
C00463,other
C00464,other
C00465,other
C00466,other
C00467,unauthorized
C00468,other
C00469,other
C00470,other
C00471,other
C00472,other
C00473,other
C00474,other
C00475,other
C00476,other
C00477,unauthorized
C00478,other
C00479,other
C00480,other
C00481,unauthorized
C00482,other
C00483,other
C00484,unauthorized
C00485,unauthorized
C00486,other
C00487,unauthorized
C00488,other
C00489,other
C00490,other
C00491,unauthorized
C00492,unauthorized
C00493,unauthorized
C00494,unauthorized
C00495,other
C00496,other
C00497,unauthorized
C00498,other
C00499,other
C00500,unauthorized
C00501,unauthorized
C00502,other
C00503,other
C00504,unauthorized
C00505,other
C00506,unauthorized
C00507,other
C00508,other
C00509,unauthorized
C00510,other
C00511,other
C00512,unauthorized
C00513,other
C00514,unauthorized
C00515,other
C00516,other
C00517,other
C00518,unauthorized
C00519,other
C00520,other
C00521,other
C00522,other
C00523,other
C00524,other
C00525,other
C00526,other
C00527,other
C00528,unauthorized
C00529,unauthorized
C00530,other
C00531,other
C00532,other
C00533,unauthorized
C00534,other
C00535,other
C00536,other
C00537,other
C00538,unauthorized
C00539,other
C00540,other
C00541,other
C00542,other
C00543,other
C00544,other
C00545,other
C00546,other
C00547,other
C00548,other
C00549,other
C00550,other
C00551,other
C00552,other
C00553,other
C00554,other
C00555,other
C00556,other
C00557,other
C00558,other
C00559,other
C00560,other
C00561,other
C00562,other
C00563,other
C00564,unauthorized
C00565,other
C00566,other
C00567,other
C00568,other
C00569,other
C00570,other
C00571,other
C00572,unauthorized
C00573,other
C00574,other
C00575,unauthorized
C00576,other
C00577,other
C00578,other
C00579,unauthorized
C00580,other
C00581,unauthorized
C00582,unauthorized
C00583,other
C00584,other
C00585,other
C00586,other
C00587,other
C00588,other
C00589,unauthorized
C00590,other
C00591,other
C00592,other
C00593,other
C00594,other
C00595,other
C00596,other
C00597,other
C00598,other
C00599,other
C00600,unauthorized
C00601,other
C00602,unauthorized
C00603,other
C00604,other
C00605,unauthorized
C00606,other
C00607,unauthorized
C00608,other
C00609,unauthorized
C00610,other
C00611,unauthorized
C00612,other
C00613,other
C00614,other
C00615,unauthorized
C00616,other
C00617,other
C00618,unauthorized
C00619,unauthorized
C00620,other
C00621,other
C00622,other
C00623,other
C00624,other
C00625,other
C00626,other
C00627,unauthorized
C00628,other
C00629,unauthorized
C00630,other
C00631,other
C00632,unauthorized
C00633,other
C00634,other
C00635,other
C00636,other
C00637,other
C00638,other
C00639,other
C00640,other
C00641,other
C00642,other
C00643,other
C00644,other
C00645,other
C00646,unauthorized
C00647,other
C00648,other
C00649,other
C00650,other
C00651,other
C00652,other
C00653,other
C00654,other
C00655,other
C00656,other
C00657,other
C00658,other
C00659,other
C00660,other
C00661,other
C00662,other
C00663,unauthorized
C00664,other
C00665,other
C00666,other
C00667,unauthorized
C00668,other
C00669,other
C00670,unauthorized
C00671,other
C00672,other
C00673,other
C00674,other
C00675,unauthorized
C00676,other
C00677,other
C00678,unauthorized
C00679,other
C00680,other
C00681,other
C00682,other
C00683,other
C00684,other
C00685,unauthorized
C00686,unauthorized
C00687,other
C00688,other
C00689,other
C00690,unauthorized
C00691,other
C00692,unauthorized
C00693,unauthorized
C00694,other
C00695,unauthorized
C00696,other
C00697,other
C00698,other
C00699,unauthorized
C00700,unauthorized
C00701,other
C00702,unauthorized
C00703,other
C00704,other
C00705,other
C00706,other
C00707,other
C00708,other
C00709,other
C00710,other
C00711,other
C00712,other
C00713,other
C00714,other
C00715,other
C00716,unauthorized
C00717,other
C00718,other
C00719,other
C00720,other
C00721,other
C00722,other
C00723,other
C00724,other
C00725,other
C00726,other
C00727,other
C00728,unauthorized
C00729,unauthorized
C00730,other
C00731,other
C00732,other
C00733,other
C00734,other
C00735,other
C00736,unauthorized
C00737,unauthorized
C00738,other
C00739,other
C00740,other
C00741,other
C00742,other
C00743,other
C00744,other
C00745,other
C00746,other
C00747,other
C00748,unauthorized
C00749,other
C00750,unauthorized
C00751,other
C00752,unauthorized
C00753,other
C00754,unauthorized
C00755,other
C00756,other
C00757,other
C00758,other
C00759,other
C00760,unauthorized
C00761,unauthorized
C00762,unauthorized
C00763,unauthorized
C00764,other
C00765,other
C00766,other
C00767,other
C00768,other
C00769,other
C00770,unauthorized
C00771,unauthorized
C00772,unauthorized
C00773,other
C00774,other
C00775,other
C00776,other
C00777,other
C00778,other
C00779,other
C00780,unauthorized
C00781,other
C00782,other
C00783,unauthorized
C00784,other
C00785,other
C00786,other
C00787,other
C00788,other
C00789,other
C00790,other
C00791,other
C00792,other
C00793,unauthorized
C00794,other
C00795,other
C00796,other
C00797,other
C00798,other
C00799,other
C00800,other
C00801,other
C00802,other
C00803,other
C00804,other
C00805,other
C00806,other
C00807,other
C00808,unauthorized
C00809,other
C00810,other
C00811,other
C00812,other
C00813,other
C00814,other
C00815,other
C00816,unauthorized
C00817,other
C00818,other
C00819,unauthorized
C00820,unauthorized
C00821,other
C00822,other
C00823,unauthorized
C00824,other
C00825,unauthorized
C00826,other
C00827,unauthorized
C00828,other
C00829,other
C00830,unauthorized
C00831,unauthorized
C00832,unauthorized
C00833,other
C00834,other
C00835,unauthorized
C00836,other
C00837,unauthorized
C00838,other
C00839,other
C00840,other
C00841,other
C00842,other
C00843,unauthorized
C00844,other
C00845,unauthorized
C00846,other
C00847,other
C00848,unauthorized
C00849,other
C00850,unauthorized
C00851,other
C00852,other
C00853,other
C00854,unauthorized
C00855,other
C00856,other
C00857,unauthorized
C00858,other
C00859,unauthorized
C00860,other
C00861,other
C00862,other
C00863,other
C00864,other
C00865,other
C00866,unauthorized
C00867,other
C00868,other
C00869,other
C00870,unauthorized
C00871,other
C00872,other
C00873,other
C00874,other
C00875,other
C00876,other
C00877,other
C00878,other
C00879,other
C00880,other
C00881,unauthorized
C00882,other
C00883,other
C00884,unauthorized
C00885,unauthorized
C00886,other
C00887,other
C00888,other
C00889,other
C00890,unauthorized
C00891,other
C00892,unauthorized
C00893,other
C00894,unauthorized
C00895,other
C00896,other
C00897,unauthorized
C00898,other
C00899,other
C00900,other
C00901,unauthorized
C00902,other
C00903,other
C00904,other
C00905,unauthorized
C00906,other
C00907,other
C00908,other
C00909,other
C00910,other
C00911,other
C00912,other
C00913,other
C00914,other
C00915,other
C00916,other
C00917,other
C00918,other
C00919,unauthorized
C00920,unauthorized
C00921,other
C00922,other
C00923,unauthorized
C00924,other
C00925,other
C00926,other
C00927,other
C00928,other
C00929,other
C00930,other
C00931,other
C00932,other
C00933,other
C00934,other
C00935,other
C00936,unauthorized
C00937,other
C00938,other
C00939,other
C00940,other
C00941,other
C00942,other
C00943,unauthorized
C00944,other
C00945,other
C00946,other
C00947,other
C00948,other
C00949,other
C00950,unauthorized
C00951,other
C00952,other
C00953,other
C00954,other
C00955,other
C00956,unauthorized
C00957,unauthorized
C00958,other
C00959,other
C00960,other
C00961,unauthorized
C00962,other
C00963,other
C00964,unauthorized
C00965,other
C00966,other
C00967,other
C00968,other
C00969,other
C00970,unauthorized
C00971,other
C00972,other
C00973,other
C00974,unauthorized
C00975,other
C00976,other
C00977,other
C00978,other
C00979,other
C00980,other
C00981,other
C00982,other
C00983,other
C00984,other
C00985,unauthorized
C00986,other
C00987,unauthorized
C00988,other
C00989,other
C00990,other
C00991,other
C00992,other
C00993,other
C00994,unauthorized
C00995,other
C00996,other
C00997,other
C00998,other
C00999,other
C01000,other
C01001,other
C01002,other
C01003,unauthorized
C01004,other
C01005,other
C01006,other
C01007,unauthorized
C01008,unauthorized
C01009,other
C01010,other
C01011,other
C01012,other
C01013,other
C01014,other
C01015,other
C01016,other
C01017,other
C01018,other
C01019,other
C01020,other
C01021,other
C01022,other
C01023,other
C01024,other
C01025,other
C01026,other
C01027,unauthorized
C01028,unauthorized
C01029,other
C01030,unauthorized
C01031,unauthorized
C01032,other
C01033,other
C01034,other
C01035,other
C01036,other
C01037,unauthorized
C01038,other
C01039,unauthorized
C01040,other
C01041,other
C01042,unauthorized
C01043,other
C01044,other
C01045,other
C01046,unauthorized
C01047,other
C01048,other
C01049,other
C01050,other
C01051,other
C01052,other
C01053,other
C01054,other
C01055,other
C01056,other
C01057,other
C01058,other
C01059,other
C01060,other
C01061,other
C01062,other
C01063,other
C01064,other
C01065,other
C01066,unauthorized
C01067,other
C01068,other
C01069,unauthorized
C01070,unauthorized
C01071,unauthorized
C01072,other
C01073,other
C01074,other
C01075,other
C01076,other
C01077,other
C01078,other
C01079,unauthorized
C01080,unauthorized
C01081,unauthorized
C01082,other
C01083,other
C01084,other
C01085,unauthorized
C01086,other
C01087,other
C01088,other
C01089,other
C01090,other
C01091,other
C01092,unauthorized
C01093,unauthorized
C01094,other
C01095,other
C01096,other
C01097,other
C01098,other
C01099,other
C01100,other
C01101,other
C01102,unauthorized
C01103,other
C01104,unauthorized
C01105,other
C01106,other
C01107,other
C01108,other
C01109,other
C01110,other
C01111,other
C01112,other
C01113,other
C01114,other
C01115,other
C01116,other
C01117,other
C01118,other
C01119,unauthorized
C01120,other
C01121,other
C01122,other
C01123,other
C01124,other
C01125,other
C01126,other
C01127,other
C01128,other
C01129,other
C01130,other
C01131,other
C01132,unauthorized
C01133,unauthorized
C01134,other
C01135,other
C01136,other
C01137,other
C01138,unauthorized
C01139,unauthorized
C01140,other
C01141,other
C01142,unauthorized
C01143,other
C01144,other
C01145,other
C01146,other
C01147,other
C01148,other
C01149,other
C01150,other
C01151,unauthorized
C01152,other
C01153,unauthorized
C01154,other
C01155,other
C01156,unauthorized
C01157,other
C01158,other
C01159,unauthorized
C01160,unauthorized
C01161,other
C01162,other
C01163,other
C01164,other
C01165,other
C01166,other
C01167,other
C01168,other
C01169,other
C01170,unauthorized
C01171,unauthorized
C01172,other
C01173,other
C01174,other
C01175,other
C01176,other
C01177,other
C01178,unauthorized
C01179,other
C01180,other
C01181,other
C01182,unauthorized
C01183,other
C01184,other
C01185,other
C01186,other
C01187,unauthorized
C01188,other
C01189,other
C01190,unauthorized
C01191,other
C01192,unauthorized
C01193,unauthorized
C01194,unauthorized
C01195,unauthorized
C01196,other
C01197,other
C01198,other
C01199,other
C01200,other
C01201,other
C01202,unauthorized
C01203,other
C01204,other
C01205,other
C01206,other
C01207,other
C01208,other
C01209,other
C01210,other
C01211,unauthorized
C01212,other
C01213,other
C01214,unauthorized
C01215,other
C01216,other
C01217,other
C01218,other
C01219,other
C01220,unauthorized
C01221,other
C01222,other
C01223,other
C01224,other
C01225,other
C01226,other
C01227,unauthorized
C01228,other
C01229,other
C01230,other
C01231,other
C01232,other
C01233,other
C01234,other
C01235,other
C01236,other
C01237,other
C01238,unauthorized
C01239,other
C01240,other
C01241,other
C01242,other
C01243,unauthorized
C01244,unauthorized
C01245,other
C01246,other
C01247,other
C01248,unauthorized
C01249,other
C01250,other
C01251,other
C01252,other
C01253,other
C01254,other
C01255,other
C01256,other
C01257,unauthorized
C01258,other
C01259,other
C01260,other
C01261,other
C01262,other
C01263,other
C01264,unauthorized
C01265,unauthorized
C01266,unauthorized
C01267,other
C01268,other
C01269,unauthorized
C01270,other
C01271,other
C01272,other
C01273,unauthorized
C01274,unauthorized
C01275,unauthorized
C01276,other
C01277,other
C01278,other
C01279,other
C01280,other
C01281,other
C01282,unauthorized
C01283,unauthorized
C01284,other
C01285,unauthorized
C01286,other
C01287,unauthorized
C01288,other
C01289,other
C01290,other
C01291,other
C01292,other
C01293,other
C01294,other
C01295,other
C01296,other
C01297,other
C01298,other
C01299,other
C01300,unauthorized
C01301,other
C01302,other
C01303,other
C01304,other
C01305,other
C01306,other
C01307,other
C01308,other
C01309,other
C01310,other
C01311,unauthorized
C01312,other
C01313,other
C01314,other
C01315,other
C01316,other
C01317,other
C01318,other
C01319,other
C01320,other
C01321,unauthorized
C01322,unauthorized
C01323,other
C01324,other
C01325,other
C01326,unauthorized
C01327,other
C01328,other
C01329,other
C01330,other
C01331,unauthorized
C01332,unauthorized
C01333,unauthorized
C01334,other
C01335,other
C01336,other
C01337,other
C01338,other
C01339,unauthorized
C01340,other
C01341,other
C01342,unauthorized
C01343,other
C01344,other
C01345,other
C01346,other
C01347,other
C01348,other
C01349,other
C01350,other
C01351,other
C01352,other
C01353,other
C01354,unauthorized
C01355,unauthorized
C01356,other
C01357,other
C01358,other
C01359,unauthorized
C01360,unauthorized
C01361,other
C01362,other
C01363,other
C01364,other
C01365,other
C01366,other
C01367,other
C01368,other
C01369,other
C01370,other
C01371,other
C01372,other
C01373,other
C01374,other
C01375,other
C01376,other
C01377,other
C01378,other
C01379,other
C01380,unauthorized
C01381,other
C01382,other
C01383,other
C01384,other
C01385,other
C01386,other
C01387,other
C01388,other
C01389,other
C01390,unauthorized
C01391,other
C01392,other
C01393,unauthorized
C01394,other
C01395,unauthorized
C01396,other
C01397,unauthorized
C01398,other
C01399,other
C01400,other
C01401,other
C01402,unauthorized
C01403,other
C01404,other
C01405,unauthorized
C01406,other
C01407,other
C01408,other
C01409,other
C01410,unauthorized
C01411,unauthorized
C01412,other
C01413,other
C01414,other
C01415,other
C01416,other
C01417,unauthorized
C01418,other
C01419,other
C01420,other
C01421,other
C01422,unauthorized
C01423,other
C01424,other
C01425,other
C01426,other
C01427,other
C01428,other
C01429,other
C01430,unauthorized
C01431,other
C01432,other
C01433,other
C01434,other
C01435,other
C01436,other
C01437,other
C01438,other
C01439,other
C01440,unauthorized
C01441,other
C01442,unauthorized
C01443,other
C01444,other
C01445,other
C01446,other
C01447,other
C01448,other
C01449,other
C01450,other
C01451,other
C01452,other
C01453,unauthorized
C01454,unauthorized
C01455,other
C01456,other
C01457,other
C01458,other
C01459,other
C01460,unauthorized
C01461,other
C01462,other
C01463,other
C01464,unauthorized
C01465,other
C01466,unauthorized
C01467,unauthorized
C01468,other
C01469,other
C01470,other
C01471,other
C01472,other
C01473,other
C01474,unauthorized
C01475,other
C01476,other
C01477,unauthorized
C01478,other
C01479,other
C01480,other
C01481,other
C01482,other
C01483,other
C01484,unauthorized
C01485,other
C01486,other
C01487,other
C01488,other
C01489,unauthorized
C01490,other
C01491,other
C01492,other
C01493,other
C01494,unauthorized
C01495,other
C01496,other
C01497,other
C01498,other
C01499,other
C01500,other
C01501,other
C01502,other
C01503,unauthorized
C01504,other
C01505,other
C01506,other
C01507,other
C01508,other
C01509,unauthorized
C01510,other
C01511,other
C01512,unauthorized
C01513,other
C01514,other
C01515,unauthorized
C01516,unauthorized
C01517,other
C01518,other
C01519,unauthorized
C01520,unauthorized
C01521,other
C01522,other
C01523,unauthorized
C01524,other
C01525,other
C01526,other
C01527,other
C01528,other
C01529,other
C01530,other
C01531,other
C01532,other
C01533,other
C01534,other
C01535,unauthorized
C01536,other
C01537,unauthorized
C01538,other
C01539,other
C01540,other
C01541,other
C01542,other
C01543,other
C01544,other
C01545,other
C01546,other
C01547,other
C01548,other
C01549,unauthorized
C01550,other
C01551,other
C01552,other
C01553,other
C01554,other
C01555,other
C01556,other
C01557,other
C01558,other
C01559,unauthorized
C01560,other
C01561,other
C01562,other
C01563,other
C01564,other
C01565,other
C01566,other
C01567,unauthorized
C01568,other
C01569,unauthorized
C01570,unauthorized
C01571,other
C01572,other
C01573,other
C01574,unauthorized
C01575,unauthorized
C01576,unauthorized
C01577,unauthorized
C01578,other
C01579,other
C01580,other
C01581,other
C01582,other
C01583,other
C01584,other
C01585,other
C01586,other
C01587,unauthorized
C01588,other
C01589,other
C01590,other
C01591,unauthorized
C01592,other
C01593,other
C01594,unauthorized
C01595,other
C01596,unauthorized
C01597,other
C01598,other
C01599,other
C01600,other
C01601,other
C01602,unauthorized
C01603,other
C01604,other
C01605,other
C01606,other
C01607,unauthorized
C01608,other
C01609,other
C01610,other
C01611,other
C01612,other
C01613,other
C01614,other
C01615,other
C01616,other
C01617,unauthorized
C01618,other
C01619,other
C01620,unauthorized
C01621,unauthorized
C01622,unauthorized
C01623,other
C01624,other
C01625,other
C01626,other
C01627,other
C01628,unauthorized
C01629,other
C01630,unauthorized
C01631,unauthorized
C01632,other
C01633,other
C01634,other
C01635,unauthorized
C01636,other
C01637,other
C01638,other
C01639,unauthorized
C01640,other
C01641,unauthorized
C01642,other
C01643,other
C01644,unauthorized
C01645,other
C01646,other
C01647,other
C01648,other
C01649,unauthorized
C01650,other
C01651,other
C01652,other
C01653,unauthorized
C01654,other
C01655,other
C01656,other
C01657,other
C01658,unauthorized
C01659,other
C01660,other
C01661,other
C01662,other
C01663,other
C01664,other
C01665,other
C01666,other
C01667,other
C01668,other
C01669,other
C01670,unauthorized
C01671,other
C01672,other
C01673,unauthorized
C01674,other
C01675,other
C01676,other
C01677,other
C01678,unauthorized
C01679,other
C01680,unauthorized
C01681,other
C01682,other
C01683,other
C01684,other
C01685,other
C01686,other
C01687,other
C01688,other
C01689,other
C01690,unauthorized
C01691,other
C01692,unauthorized
C01693,unauthorized
C01694,other
C01695,other
C01696,unauthorized
C01697,other
C01698,other
C01699,other
C01700,unauthorized
C01701,other
C01702,other
C01703,unauthorized
C01704,other
C01705,unauthorized
C01706,unauthorized
C01707,unauthorized
C01708,other
C01709,other
C01710,unauthorized
C01711,other
C01712,other
C01713,other
C01714,unauthorized
C01715,other
C01716,other
C01717,unauthorized
C01718,other
C01719,unauthorized
C01720,other
C01721,unauthorized
C01722,other
C01723,other
C01724,unauthorized
C01725,other
C01726,other
C01727,other
C01728,other
C01729,unauthorized
C01730,other
C01731,other
C01732,other
C01733,other
C01734,other
C01735,other
C01736,unauthorized
C01737,other
C01738,other
C01739,unauthorized
C01740,unauthorized
C01741,other
C01742,other
C01743,other
C01744,other
C01745,other
C01746,unauthorized
C01747,unauthorized
C01748,other
C01749,unauthorized
C01750,other
C01751,other
C01752,other
C01753,other
C01754,other
C01755,other
C01756,other
C01757,other
C01758,other
C01759,other
C01760,other
C01761,unauthorized
C01762,other
C01763,other
C01764,unauthorized
C01765,other
C01766,unauthorized
C01767,unauthorized
C01768,unauthorized
C01769,other
C01770,other
C01771,other
C01772,unauthorized
C01773,other
C01774,unauthorized
C01775,other
C01776,other
C01777,other
C01778,other
C01779,other
C01780,other
C01781,other
C01782,other
C01783,unauthorized
C01784,other
C01785,unauthorized
C01786,other
C01787,unauthorized
C01788,unauthorized
C01789,other
C01790,other
C01791,other
C01792,unauthorized
C01793,other
C01794,other
C01795,other
C01796,other
C01797,unauthorized
C01798,other
C01799,unauthorized
C01800,unauthorized
C01801,other
C01802,other
C01803,other
C01804,unauthorized
C01805,other
C01806,other
C01807,other
C01808,unauthorized
C01809,other
C01810,other
C01811,other
C01812,other
C01813,other
C01814,other
C01815,other
C01816,other
C01817,other
C01818,other
C01819,other
C01820,other
C01821,unauthorized
C01822,other
C01823,other
C01824,other
C01825,other
C01826,unauthorized
C01827,other
C01828,other
C01829,other
C01830,other
C01831,other
C01832,unauthorized
C01833,other
C01834,other
C01835,unauthorized
C01836,other
C01837,other
C01838,other
C01839,other
C01840,other
C01841,other
C01842,other
C01843,other
C01844,other
C01845,unauthorized
C01846,other
C01847,other
C01848,unauthorized
C01849,unauthorized
C01850,unauthorized
C01851,other
C01852,other
C01853,unauthorized
C01854,other
C01855,other
C01856,other
C01857,other
C01858,other
C01859,other
C01860,other
C01861,other
C01862,other
C01863,other
C01864,other
C01865,other
C01866,other
C01867,other
C01868,other
C01869,other
C01870,other
C01871,other
C01872,other
C01873,other
C01874,unauthorized
C01875,other
C01876,other
C01877,unauthorized
C01878,other
C01879,other
C01880,other
C01881,other
C01882,other
C01883,other
C01884,other
C01885,other
C01886,unauthorized
C01887,other
C01888,other
C01889,other
C01890,other
C01891,other
C01892,other
C01893,other
C01894,other
C01895,other
C01896,other
C01897,other
C01898,other
C01899,other
C01900,other
C01901,other
C01902,other
C01903,other
C01904,unauthorized
C01905,other
C01906,other
C01907,unauthorized
C01908,other
C01909,unauthorized
C01910,other
C01911,other
C01912,other
C01913,unauthorized
C01914,unauthorized
C01915,unauthorized
C01916,other
C01917,other
C01918,unauthorized
C01919,other
C01920,other
C01921,other
C01922,other
C01923,other
C01924,other
C01925,unauthorized
C01926,unauthorized
C01927,unauthorized
C01928,other
C01929,unauthorized
C01930,unauthorized
C01931,other
C01932,unauthorized
C01933,other
C01934,other
C01935,other
C01936,other
C01937,other
C01938,unauthorized
C01939,other
C01940,unauthorized
C01941,other
C01942,other
C01943,other
C01944,unauthorized
C01945,other
C01946,other
C01947,unauthorized
C01948,other
C01949,other
C01950,other
C01951,unauthorized
C01952,other
C01953,unauthorized
C01954,other
C01955,other
C01956,other
C01957,other
C01958,unauthorized
C01959,other
C01960,unauthorized
C01961,other
C01962,unauthorized
C01963,other
C01964,unauthorized
C01965,other
C01966,other
C01967,other
C01968,unauthorized
C01969,other
C01970,unauthorized
C01971,other
C01972,other
C01973,other
C01974,other
C01975,other
C01976,unauthorized
C01977,unauthorized
C01978,other
C01979,other
C01980,other
C01981,other
C01982,unauthorized
C01983,other
C01984,other
C01985,unauthorized
C01986,other
C01987,other
C01988,unauthorized
C01989,other
C01990,unauthorized
C01991,other
C01992,unauthorized
C01993,unauthorized
C01994,other
C01995,unauthorized
C01996,other
C01997,other
C01998,other
C01999,other
C02000,unauthorized
C02001,other
C02002,unauthorized
C02003,other
C02004,unauthorized
C02005,unauthorized
C02006,other
C02007,other
C02008,other
C02009,unauthorized
C02010,other
C02011,other
C02012,other
C02013,other
C02014,other
C02015,other
C02016,unauthorized
C02017,other
C02018,other
C02019,other
C02020,other
C02021,other
C02022,other
C02023,other
C02024,other
C02025,unauthorized
C02026,other
C02027,other
C02028,other
C02029,other
C02030,other
C02031,other
C02032,other
C02033,other
C02034,other
C02035,other
C02036,other
C02037,other
C02038,other
C02039,other
C02040,other
C02041,other
C02042,other
C02043,other
C02044,other
C02045,other
C02046,other
C02047,other
C02048,other
C02049,other
C02050,other
C02051,other
C02052,other
C02053,unauthorized
C02054,other
C02055,unauthorized
C02056,other
C02057,other
C02058,other
C02059,unauthorized
C02060,other
C02061,other
C02062,unauthorized
C02063,unauthorized
C02064,unauthorized
C02065,other
C02066,other
C02067,other
C02068,other
C02069,other
C02070,other
C02071,other
C02072,other
C02073,other
C02074,other
C02075,unauthorized
C02076,other
C02077,other
C02078,unauthorized
C02079,other
C02080,other
C02081,other
C02082,other
C02083,other
C02084,other
C02085,unauthorized
C02086,unauthorized
C02087,other
C02088,unauthorized
C02089,other
C02090,other
C02091,other
C02092,other
C02093,other
C02094,other
C02095,other
C02096,other
C02097,other
C02098,unauthorized
C02099,other
C02100,other
C02101,other
C02102,other
C02103,other
C02104,other
C02105,other
C02106,other
C02107,other
C02108,other
C02109,other
C02110,unauthorized
C02111,other
C02112,other
C02113,other
C02114,other
C02115,other
C02116,other
C02117,other
C02118,other
C02119,other
C02120,other
C02121,other
C02122,other
C02123,unauthorized
C02124,other
C02125,other
C02126,other
C02127,unauthorized
C02128,other
C02129,other
C02130,other
C02131,other
C02132,other
C02133,other
C02134,other
C02135,unauthorized
C02136,unauthorized
C02137,other
C02138,other
C02139,other
C02140,other
C02141,other
C02142,other
C02143,other
C02144,other
C02145,other
C02146,other
C02147,unauthorized
C02148,other
C02149,other
C02150,other
C02151,other
C02152,other
C02153,unauthorized
C02154,other
C02155,other
C02156,other
C02157,other
C02158,other
C02159,unauthorized
C02160,other
C02161,other
C02162,other
C02163,unauthorized
C02164,other
C02165,other
C02166,other
C02167,unauthorized
C02168,other
C02169,other
C02170,other
C02171,unauthorized
C02172,other
C02173,unauthorized
C02174,other
C02175,other
C02176,unauthorized
C02177,other
C02178,unauthorized
C02179,other
C02180,unauthorized
C02181,other
C02182,other
C02183,unauthorized
C02184,other
C02185,other
C02186,other
C02187,unauthorized
C02188,unauthorized
C02189,other
C02190,other
C02191,other
C02192,other
C02193,other
C02194,other
C02195,other
C02196,other
C02197,unauthorized
C02198,other
C02199,other
C02200,unauthorized
C02201,other
C02202,other
C02203,unauthorized
C02204,other
C02205,other
C02206,other
C02207,unauthorized
C02208,other
C02209,other
C02210,unauthorized
C02211,other
C02212,other
C02213,other
C02214,unauthorized
C02215,other
C02216,unauthorized
C02217,other
C02218,other
C02219,other
C02220,other
C02221,other
C02222,other
C02223,unauthorized
C02224,other
C02225,other
C02226,other
C02227,other
C02228,unauthorized
C02229,unauthorized
C02230,unauthorized
C02231,other
C02232,other
C02233,other
C02234,other
C02235,unauthorized
C02236,other
C02237,other
C02238,other
C02239,other
C02240,unauthorized
C02241,other
C02242,other
C02243,other
C02244,other
C02245,other
C02246,other
C02247,unauthorized
C02248,unauthorized
C02249,unauthorized
C02250,other
C02251,other
C02252,unauthorized
C02253,unauthorized
C02254,other
C02255,other
C02256,unauthorized
C02257,other
C02258,unauthorized
C02259,other
C02260,other
C02261,other
C02262,unauthorized
C02263,other
C02264,other
C02265,other
C02266,other
C02267,other
C02268,unauthorized
C02269,unauthorized
C02270,other
C02271,other
C02272,other
C02273,other
C02274,other
C02275,other
C02276,other
C02277,unauthorized
C02278,other
C02279,other
C02280,other
C02281,other
C02282,other
C02283,other
C02284,other
C02285,other
C02286,unauthorized
C02287,other
C02288,other
C02289,unauthorized
C02290,unauthorized
C02291,other
C02292,other
C02293,unauthorized
C02294,other
C02295,other
C02296,other
C02297,other
C02298,other
C02299,other
C02300,unauthorized
C02301,other
C02302,other
C02303,other
C02304,unauthorized
C02305,unauthorized
C02306,other
C02307,other
C02308,other
C02309,other
C02310,other
C02311,other
C02312,other
C02313,other
C02314,other
C02315,unauthorized
C02316,other
C02317,other
C02318,other
C02319,unauthorized
C02320,other
C02321,other
C02322,other
C02323,other
C02324,other
C02325,other
C02326,other
C02327,other
C02328,other
C02329,other
C02330,other
C02331,unauthorized
C02332,other
C02333,other
C02334,other
C02335,other
C02336,other
C02337,other
C02338,other
C02339,other
C02340,other
C02341,other
C02342,other
C02343,other
C02344,other
C02345,other
C02346,other
C02347,other
C02348,other
C02349,other
C02350,other
C02351,other
C02352,other
C02353,other
C02354,other
C02355,other
C02356,other
C02357,other
C02358,unauthorized
C02359,other
C02360,other
C02361,other
C02362,other
C02363,other
C02364,other
C02365,other
C02366,other
C02367,other
C02368,other
C02369,other
C02370,other
C02371,unauthorized
C02372,unauthorized
C02373,other
C02374,other
C02375,unauthorized
C02376,unauthorized
C02377,other
C02378,other
C02379,other
C02380,other
C02381,unauthorized
C02382,other
C02383,other
C02384,unauthorized
C02385,other
C02386,other
C02387,other
C02388,unauthorized
C02389,other
C02390,unauthorized
C02391,other
C02392,other
C02393,other
C02394,other
C02395,other
C02396,other
C02397,unauthorized
C02398,other
C02399,other
C02400,unauthorized
C02401,other
C02402,other
C02403,other
C02404,unauthorized
C02405,other
C02406,unauthorized
C02407,other
C02408,other
C02409,other
C02410,other
C02411,other
C02412,other
C02413,other
C02414,other
C02415,other
C02416,unauthorized
C02417,unauthorized
C02418,other
C02419,other
C02420,other
C02421,other
C02422,other
C02423,other
C02424,other
C02425,other
C02426,other
C02427,other
C02428,other
C02429,unauthorized
C02430,other
C02431,unauthorized
C02432,other
C02433,other
C02434,other
C02435,other
C02436,other
C02437,unauthorized
C02438,other
C02439,other
C02440,other
C02441,unauthorized
C02442,unauthorized
C02443,other
C02444,other
C02445,other
C02446,unauthorized
C02447,other
C02448,other
C02449,unauthorized
C02450,other
C02451,unauthorized
C02452,other
C02453,unauthorized
C02454,other
C02455,unauthorized
C02456,other
C02457,other
C02458,unauthorized
C02459,other
C02460,other
C02461,other
C02462,other
C02463,unauthorized
C02464,other
C02465,other
C02466,other
C02467,other
C02468,other
C02469,unauthorized
C02470,other
C02471,other
C02472,unauthorized
C02473,other
C02474,other
C02475,other
C02476,other
C02477,unauthorized
C02478,other
C02479,other
C02480,other
C02481,other
C02482,other
C02483,unauthorized
C02484,unauthorized
C02485,other
C02486,other
C02487,other
C02488,other
C02489,unauthorized
C02490,other
C02491,other
C02492,other
C02493,other
C02494,other
C02495,other
C02496,other
C02497,other
C02498,other
C02499,unauthorized
